{
    "NanoClimateFEVER_cosine_accuracy@1": 0.3,
    "NanoClimateFEVER_cosine_accuracy@3": 0.46,
    "NanoClimateFEVER_cosine_accuracy@5": 0.56,
    "NanoClimateFEVER_cosine_accuracy@10": 0.74,
    "NanoClimateFEVER_cosine_precision@1": 0.3,
    "NanoClimateFEVER_cosine_precision@3": 0.16666666666666663,
    "NanoClimateFEVER_cosine_precision@5": 0.128,
    "NanoClimateFEVER_cosine_precision@10": 0.1,
    "NanoClimateFEVER_cosine_recall@1": 0.16666666666666663,
    "NanoClimateFEVER_cosine_recall@3": 0.23166666666666663,
    "NanoClimateFEVER_cosine_recall@5": 0.27399999999999997,
    "NanoClimateFEVER_cosine_recall@10": 0.39899999999999997,
    "NanoClimateFEVER_cosine_ndcg@10": 0.3240744056163754,
    "NanoClimateFEVER_cosine_mrr@10": 0.41429365079365077,
    "NanoClimateFEVER_cosine_map@100": 0.257956316710588,
    "NanoDBPedia_cosine_accuracy@1": 0.62,
    "NanoDBPedia_cosine_accuracy@3": 0.92,
    "NanoDBPedia_cosine_accuracy@5": 0.92,
    "NanoDBPedia_cosine_accuracy@10": 0.96,
    "NanoDBPedia_cosine_precision@1": 0.62,
    "NanoDBPedia_cosine_precision@3": 0.6266666666666667,
    "NanoDBPedia_cosine_precision@5": 0.54,
    "NanoDBPedia_cosine_precision@10": 0.45799999999999996,
    "NanoDBPedia_cosine_recall@1": 0.06860549345390947,
    "NanoDBPedia_cosine_recall@3": 0.1799513016232899,
    "NanoDBPedia_cosine_recall@5": 0.22755620821008526,
    "NanoDBPedia_cosine_recall@10": 0.3288766585494736,
    "NanoDBPedia_cosine_ndcg@10": 0.5712841016755025,
    "NanoDBPedia_cosine_mrr@10": 0.7586904761904762,
    "NanoDBPedia_cosine_map@100": 0.41381860376305224,
    "NanoFEVER_cosine_accuracy@1": 0.6,
    "NanoFEVER_cosine_accuracy@3": 0.82,
    "NanoFEVER_cosine_accuracy@5": 0.86,
    "NanoFEVER_cosine_accuracy@10": 0.94,
    "NanoFEVER_cosine_precision@1": 0.6,
    "NanoFEVER_cosine_precision@3": 0.28,
    "NanoFEVER_cosine_precision@5": 0.176,
    "NanoFEVER_cosine_precision@10": 0.09799999999999998,
    "NanoFEVER_cosine_recall@1": 0.5566666666666666,
    "NanoFEVER_cosine_recall@3": 0.7633333333333333,
    "NanoFEVER_cosine_recall@5": 0.8033333333333332,
    "NanoFEVER_cosine_recall@10": 0.8933333333333333,
    "NanoFEVER_cosine_ndcg@10": 0.7358137093080355,
    "NanoFEVER_cosine_mrr@10": 0.7126666666666668,
    "NanoFEVER_cosine_map@100": 0.6774686969950128,
    "NanoFiQA2018_cosine_accuracy@1": 0.34,
    "NanoFiQA2018_cosine_accuracy@3": 0.54,
    "NanoFiQA2018_cosine_accuracy@5": 0.64,
    "NanoFiQA2018_cosine_accuracy@10": 0.7,
    "NanoFiQA2018_cosine_precision@1": 0.34,
    "NanoFiQA2018_cosine_precision@3": 0.24,
    "NanoFiQA2018_cosine_precision@5": 0.204,
    "NanoFiQA2018_cosine_precision@10": 0.122,
    "NanoFiQA2018_cosine_recall@1": 0.1500793650793651,
    "NanoFiQA2018_cosine_recall@3": 0.33646031746031746,
    "NanoFiQA2018_cosine_recall@5": 0.46109523809523806,
    "NanoFiQA2018_cosine_recall@10": 0.5323095238095238,
    "NanoFiQA2018_cosine_ndcg@10": 0.40919669359337957,
    "NanoFiQA2018_cosine_mrr@10": 0.4585238095238094,
    "NanoFiQA2018_cosine_map@100": 0.3428933861256256,
    "NanoHotpotQA_cosine_accuracy@1": 0.84,
    "NanoHotpotQA_cosine_accuracy@3": 0.94,
    "NanoHotpotQA_cosine_accuracy@5": 0.96,
    "NanoHotpotQA_cosine_accuracy@10": 0.98,
    "NanoHotpotQA_cosine_precision@1": 0.84,
    "NanoHotpotQA_cosine_precision@3": 0.49999999999999994,
    "NanoHotpotQA_cosine_precision@5": 0.324,
    "NanoHotpotQA_cosine_precision@10": 0.17199999999999996,
    "NanoHotpotQA_cosine_recall@1": 0.42,
    "NanoHotpotQA_cosine_recall@3": 0.75,
    "NanoHotpotQA_cosine_recall@5": 0.81,
    "NanoHotpotQA_cosine_recall@10": 0.86,
    "NanoHotpotQA_cosine_ndcg@10": 0.8104419556273429,
    "NanoHotpotQA_cosine_mrr@10": 0.8916666666666666,
    "NanoHotpotQA_cosine_map@100": 0.7529516275967039,
    "NanoMSMARCO_cosine_accuracy@1": 0.42,
    "NanoMSMARCO_cosine_accuracy@3": 0.66,
    "NanoMSMARCO_cosine_accuracy@5": 0.72,
    "NanoMSMARCO_cosine_accuracy@10": 0.86,
    "NanoMSMARCO_cosine_precision@1": 0.42,
    "NanoMSMARCO_cosine_precision@3": 0.22,
    "NanoMSMARCO_cosine_precision@5": 0.14400000000000002,
    "NanoMSMARCO_cosine_precision@10": 0.08599999999999998,
    "NanoMSMARCO_cosine_recall@1": 0.42,
    "NanoMSMARCO_cosine_recall@3": 0.66,
    "NanoMSMARCO_cosine_recall@5": 0.72,
    "NanoMSMARCO_cosine_recall@10": 0.86,
    "NanoMSMARCO_cosine_ndcg@10": 0.6324624437464093,
    "NanoMSMARCO_cosine_mrr@10": 0.5612460317460318,
    "NanoMSMARCO_cosine_map@100": 0.5684512903081907,
    "NanoNFCorpus_cosine_accuracy@1": 0.42,
    "NanoNFCorpus_cosine_accuracy@3": 0.56,
    "NanoNFCorpus_cosine_accuracy@5": 0.6,
    "NanoNFCorpus_cosine_accuracy@10": 0.66,
    "NanoNFCorpus_cosine_precision@1": 0.42,
    "NanoNFCorpus_cosine_precision@3": 0.3466666666666666,
    "NanoNFCorpus_cosine_precision@5": 0.304,
    "NanoNFCorpus_cosine_precision@10": 0.266,
    "NanoNFCorpus_cosine_recall@1": 0.04320777993532307,
    "NanoNFCorpus_cosine_recall@3": 0.060471370612650725,
    "NanoNFCorpus_cosine_recall@5": 0.10335850115305004,
    "NanoNFCorpus_cosine_recall@10": 0.1320366667467118,
    "NanoNFCorpus_cosine_ndcg@10": 0.32546708180453904,
    "NanoNFCorpus_cosine_mrr@10": 0.498047619047619,
    "NanoNFCorpus_cosine_map@100": 0.13415654748107403,
    "NanoNQ_cosine_accuracy@1": 0.48,
    "NanoNQ_cosine_accuracy@3": 0.62,
    "NanoNQ_cosine_accuracy@5": 0.78,
    "NanoNQ_cosine_accuracy@10": 0.84,
    "NanoNQ_cosine_precision@1": 0.48,
    "NanoNQ_cosine_precision@3": 0.20666666666666667,
    "NanoNQ_cosine_precision@5": 0.15600000000000003,
    "NanoNQ_cosine_precision@10": 0.08999999999999998,
    "NanoNQ_cosine_recall@1": 0.46,
    "NanoNQ_cosine_recall@3": 0.57,
    "NanoNQ_cosine_recall@5": 0.71,
    "NanoNQ_cosine_recall@10": 0.8,
    "NanoNQ_cosine_ndcg@10": 0.6203508386981627,
    "NanoNQ_cosine_mrr@10": 0.5799999999999998,
    "NanoNQ_cosine_map@100": 0.5615979347242341,
    "NanoQuoraRetrieval_cosine_accuracy@1": 0.92,
    "NanoQuoraRetrieval_cosine_accuracy@3": 0.98,
    "NanoQuoraRetrieval_cosine_accuracy@5": 1.0,
    "NanoQuoraRetrieval_cosine_accuracy@10": 1.0,
    "NanoQuoraRetrieval_cosine_precision@1": 0.92,
    "NanoQuoraRetrieval_cosine_precision@3": 0.3933333333333333,
    "NanoQuoraRetrieval_cosine_precision@5": 0.25199999999999995,
    "NanoQuoraRetrieval_cosine_precision@10": 0.12999999999999998,
    "NanoQuoraRetrieval_cosine_recall@1": 0.8073333333333332,
    "NanoQuoraRetrieval_cosine_recall@3": 0.9313333333333332,
    "NanoQuoraRetrieval_cosine_recall@5": 0.9693333333333334,
    "NanoQuoraRetrieval_cosine_recall@10": 0.9793333333333334,
    "NanoQuoraRetrieval_cosine_ndcg@10": 0.939995451132758,
    "NanoQuoraRetrieval_cosine_mrr@10": 0.9473333333333332,
    "NanoQuoraRetrieval_cosine_map@100": 0.9182208669326317,
    "NanoSCIDOCS_cosine_accuracy@1": 0.44,
    "NanoSCIDOCS_cosine_accuracy@3": 0.66,
    "NanoSCIDOCS_cosine_accuracy@5": 0.76,
    "NanoSCIDOCS_cosine_accuracy@10": 0.86,
    "NanoSCIDOCS_cosine_precision@1": 0.44,
    "NanoSCIDOCS_cosine_precision@3": 0.31333333333333335,
    "NanoSCIDOCS_cosine_precision@5": 0.264,
    "NanoSCIDOCS_cosine_precision@10": 0.18600000000000003,
    "NanoSCIDOCS_cosine_recall@1": 0.09266666666666667,
    "NanoSCIDOCS_cosine_recall@3": 0.19366666666666663,
    "NanoSCIDOCS_cosine_recall@5": 0.27166666666666667,
    "NanoSCIDOCS_cosine_recall@10": 0.3816666666666667,
    "NanoSCIDOCS_cosine_ndcg@10": 0.3677855191109829,
    "NanoSCIDOCS_cosine_mrr@10": 0.5774126984126984,
    "NanoSCIDOCS_cosine_map@100": 0.27436578164522823,
    "NanoArguAna_cosine_accuracy@1": 0.1,
    "NanoArguAna_cosine_accuracy@3": 0.5,
    "NanoArguAna_cosine_accuracy@5": 0.56,
    "NanoArguAna_cosine_accuracy@10": 0.68,
    "NanoArguAna_cosine_precision@1": 0.1,
    "NanoArguAna_cosine_precision@3": 0.16666666666666663,
    "NanoArguAna_cosine_precision@5": 0.11200000000000002,
    "NanoArguAna_cosine_precision@10": 0.068,
    "NanoArguAna_cosine_recall@1": 0.1,
    "NanoArguAna_cosine_recall@3": 0.5,