{
    "NanoClimateFEVER_cosine_accuracy@1": 0.3,
    "NanoClimateFEVER_cosine_accuracy@3": 0.42,
    "NanoClimateFEVER_cosine_accuracy@5": 0.5,
    "NanoClimateFEVER_cosine_accuracy@10": 0.66,
    "NanoClimateFEVER_cosine_precision@1": 0.3,
    "NanoClimateFEVER_cosine_precision@3": 0.15333333333333332,
    "NanoClimateFEVER_cosine_precision@5": 0.11600000000000002,
    "NanoClimateFEVER_cosine_precision@10": 0.08800000000000001,
    "NanoClimateFEVER_cosine_recall@1": 0.15,
    "NanoClimateFEVER_cosine_recall@3": 0.2,
    "NanoClimateFEVER_cosine_recall@5": 0.24333333333333332,
    "NanoClimateFEVER_cosine_recall@10": 0.353,
    "NanoClimateFEVER_cosine_ndcg@10": 0.2926878825907938,
    "NanoClimateFEVER_cosine_mrr@10": 0.39055555555555554,
    "NanoClimateFEVER_cosine_map@100": 0.23582238706027991,
    "NanoDBPedia_cosine_accuracy@1": 0.58,
    "NanoDBPedia_cosine_accuracy@3": 0.84,
    "NanoDBPedia_cosine_accuracy@5": 0.88,
    "NanoDBPedia_cosine_accuracy@10": 0.96,
    "NanoDBPedia_cosine_precision@1": 0.58,
    "NanoDBPedia_cosine_precision@3": 0.5399999999999999,
    "NanoDBPedia_cosine_precision@5": 0.52,
    "NanoDBPedia_cosine_precision@10": 0.43,
    "NanoDBPedia_cosine_recall@1": 0.07547081331922932,
    "NanoDBPedia_cosine_recall@3": 0.15343742864755253,
    "NanoDBPedia_cosine_recall@5": 0.20493909135053612,
    "NanoDBPedia_cosine_recall@10": 0.3126172611115179,
    "NanoDBPedia_cosine_ndcg@10": 0.5371480559861586,
    "NanoDBPedia_cosine_mrr@10": 0.7174603174603176,
    "NanoDBPedia_cosine_map@100": 0.39881611294781855,
    "NanoFEVER_cosine_accuracy@1": 0.62,
    "NanoFEVER_cosine_accuracy@3": 0.88,
    "NanoFEVER_cosine_accuracy@5": 0.94,
    "NanoFEVER_cosine_accuracy@10": 0.98,
    "NanoFEVER_cosine_precision@1": 0.62,
    "NanoFEVER_cosine_precision@3": 0.3,
    "NanoFEVER_cosine_precision@5": 0.19599999999999995,
    "NanoFEVER_cosine_precision@10": 0.102,
    "NanoFEVER_cosine_recall@1": 0.5866666666666667,
    "NanoFEVER_cosine_recall@3": 0.8433333333333333,
    "NanoFEVER_cosine_recall@5": 0.9033333333333333,
    "NanoFEVER_cosine_recall@10": 0.9333333333333332,
    "NanoFEVER_cosine_ndcg@10": 0.7897382187992634,
    "NanoFEVER_cosine_mrr@10": 0.7591904761904762,
    "NanoFEVER_cosine_map@100": 0.7337772908206346,
    "NanoFiQA2018_cosine_accuracy@1": 0.36,
    "NanoFiQA2018_cosine_accuracy@3": 0.56,
    "NanoFiQA2018_cosine_accuracy@5": 0.62,
    "NanoFiQA2018_cosine_accuracy@10": 0.66,
    "NanoFiQA2018_cosine_precision@1": 0.36,
    "NanoFiQA2018_cosine_precision@3": 0.24,
    "NanoFiQA2018_cosine_precision@5": 0.18,
    "NanoFiQA2018_cosine_precision@10": 0.106,
    "NanoFiQA2018_cosine_recall@1": 0.18007936507936506,
    "NanoFiQA2018_cosine_recall@3": 0.3544920634920634,
    "NanoFiQA2018_cosine_recall@5": 0.4403492063492063,
    "NanoFiQA2018_cosine_recall@10": 0.4877936507936508,
    "NanoFiQA2018_cosine_ndcg@10": 0.3956119700482648,
    "NanoFiQA2018_cosine_mrr@10": 0.4629999999999999,
    "NanoFiQA2018_cosine_map@100": 0.33797503436933796,
    "NanoHotpotQA_cosine_accuracy@1": 0.78,
    "NanoHotpotQA_cosine_accuracy@3": 0.92,
    "NanoHotpotQA_cosine_accuracy@5": 0.96,
    "NanoHotpotQA_cosine_accuracy@10": 0.98,
    "NanoHotpotQA_cosine_precision@1": 0.78,
    "NanoHotpotQA_cosine_precision@3": 0.49999999999999994,
    "NanoHotpotQA_cosine_precision@5": 0.3239999999999999,
    "NanoHotpotQA_cosine_precision@10": 0.17199999999999996,
    "NanoHotpotQA_cosine_recall@1": 0.39,
    "NanoHotpotQA_cosine_recall@3": 0.75,
    "NanoHotpotQA_cosine_recall@5": 0.81,
    "NanoHotpotQA_cosine_recall@10": 0.86,
    "NanoHotpotQA_cosine_ndcg@10": 0.7996968753245892,
    "NanoHotpotQA_cosine_mrr@10": 0.8599999999999999,
    "NanoHotpotQA_cosine_map@100": 0.7435031855380825,
    "NanoMSMARCO_cosine_accuracy@1": 0.42,
    "NanoMSMARCO_cosine_accuracy@3": 0.58,
    "NanoMSMARCO_cosine_accuracy@5": 0.76,
    "NanoMSMARCO_cosine_accuracy@10": 0.86,
    "NanoMSMARCO_cosine_precision@1": 0.42,
    "NanoMSMARCO_cosine_precision@3": 0.19333333333333333,
    "NanoMSMARCO_cosine_precision@5": 0.15200000000000002,
    "NanoMSMARCO_cosine_precision@10": 0.08599999999999998,
    "NanoMSMARCO_cosine_recall@1": 0.42,
    "NanoMSMARCO_cosine_recall@3": 0.58,
    "NanoMSMARCO_cosine_recall@5": 0.76,
    "NanoMSMARCO_cosine_recall@10": 0.86,
    "NanoMSMARCO_cosine_ndcg@10": 0.6187221625049925,
    "NanoMSMARCO_cosine_mrr@10": 0.5436349206349206,
    "NanoMSMARCO_cosine_map@100": 0.5516677794334569,
    "NanoNFCorpus_cosine_accuracy@1": 0.42,
    "NanoNFCorpus_cosine_accuracy@3": 0.5,
    "NanoNFCorpus_cosine_accuracy@5": 0.56,
    "NanoNFCorpus_cosine_accuracy@10": 0.64,
    "NanoNFCorpus_cosine_precision@1": 0.42,
    "NanoNFCorpus_cosine_precision@3": 0.32666666666666666,
    "NanoNFCorpus_cosine_precision@5": 0.32800000000000007,
    "NanoNFCorpus_cosine_precision@10": 0.252,
    "NanoNFCorpus_cosine_recall@1": 0.014779405003223499,
    "NanoNFCorpus_cosine_recall@3": 0.0441771769569568,
    "NanoNFCorpus_cosine_recall@5": 0.07719433446621134,
    "NanoNFCorpus_cosine_recall@10": 0.09987349343423524,
    "NanoNFCorpus_cosine_ndcg@10": 0.2936129459314266,
    "NanoNFCorpus_cosine_mrr@10": 0.4829365079365079,
    "NanoNFCorpus_cosine_map@100": 0.10459510945035314,
    "NanoNQ_cosine_accuracy@1": 0.54,
    "NanoNQ_cosine_accuracy@3": 0.64,
    "NanoNQ_cosine_accuracy@5": 0.7,
    "NanoNQ_cosine_accuracy@10": 0.82,
    "NanoNQ_cosine_precision@1": 0.54,
    "NanoNQ_cosine_precision@3": 0.21333333333333332,
    "NanoNQ_cosine_precision@5": 0.14800000000000002,
    "NanoNQ_cosine_precision@10": 0.09,
    "NanoNQ_cosine_recall@1": 0.49,
    "NanoNQ_cosine_recall@3": 0.59,
    "NanoNQ_cosine_recall@5": 0.67,
    "NanoNQ_cosine_recall@10": 0.8,
    "NanoNQ_cosine_ndcg@10": 0.637099232570363,
    "NanoNQ_cosine_mrr@10": 0.6107380952380952,
    "NanoNQ_cosine_map@100": 0.5816141403416504,
    "NanoQuoraRetrieval_cosine_accuracy@1": 0.88,
    "NanoQuoraRetrieval_cosine_accuracy@3": 1.0,
    "NanoQuoraRetrieval_cosine_accuracy@5": 1.0,
    "NanoQuoraRetrieval_cosine_accuracy@10": 1.0,
    "NanoQuoraRetrieval_cosine_precision@1": 0.88,
    "NanoQuoraRetrieval_cosine_precision@3": 0.40666666666666657,
    "NanoQuoraRetrieval_cosine_precision@5": 0.25199999999999995,
    "NanoQuoraRetrieval_cosine_precision@10": 0.13199999999999998,
    "NanoQuoraRetrieval_cosine_recall@1": 0.7806666666666666,
    "NanoQuoraRetrieval_cosine_recall@3": 0.9586666666666668,
    "NanoQuoraRetrieval_cosine_recall@5": 0.9693333333333334,
    "NanoQuoraRetrieval_cosine_recall@10": 0.9833333333333333,
    "NanoQuoraRetrieval_cosine_ndcg@10": 0.9358777550622173,
    "NanoQuoraRetrieval_cosine_mrr@10": 0.9333333333333335,
    "NanoQuoraRetrieval_cosine_map@100": 0.9122539533946856,
    "NanoSCIDOCS_cosine_accuracy@1": 0.4,
    "NanoSCIDOCS_cosine_accuracy@3": 0.64,
    "NanoSCIDOCS_cosine_accuracy@5": 0.74,
    "NanoSCIDOCS_cosine_accuracy@10": 0.84,
    "NanoSCIDOCS_cosine_precision@1": 0.4,
    "NanoSCIDOCS_cosine_precision@3": 0.30666666666666664,
    "NanoSCIDOCS_cosine_precision@5": 0.26,
    "NanoSCIDOCS_cosine_precision@10": 0.15599999999999997,
    "NanoSCIDOCS_cosine_recall@1": 0.08466666666666667,
    "NanoSCIDOCS_cosine_recall@3": 0.18966666666666662,
    "NanoSCIDOCS_cosine_recall@5": 0.26666666666666666,
    "NanoSCIDOCS_cosine_recall@10": 0.31866666666666665,
    "NanoSCIDOCS_cosine_ndcg@10": 0.32257997058911647,
    "NanoSCIDOCS_cosine_mrr@10": 0.5374920634920634,
    "NanoSCIDOCS_cosine_map@100": 0.24484065519529735,
    "NanoArguAna_cosine_accuracy@1": 0.1,
    "NanoArguAna_cosine_accuracy@3": 0.48,
    "NanoArguAna_cosine_accuracy@5": 0.62,
    "NanoArguAna_cosine_accuracy@10": 0.72,
    "NanoArguAna_cosine_precision@1": 0.1,
    "NanoArguAna_cosine_precision@3": 0.15999999999999998,
    "NanoArguAna_cosine_precision@5": 0.124,
    "NanoArguAna_cosine_precision@10": 0.07200000000000001,
    "NanoArguAna_cosine_recall@1": 0.1,
    "NanoArguAna_cosine_recall@3": 0.48,