{
    "NanoClimateFEVER_cosine_accuracy@1": 0.3,
    "NanoClimateFEVER_cosine_accuracy@3": 0.44,
    "NanoClimateFEVER_cosine_accuracy@5": 0.54,
    "NanoClimateFEVER_cosine_accuracy@10": 0.66,
    "NanoClimateFEVER_cosine_precision@1": 0.3,
    "NanoClimateFEVER_cosine_precision@3": 0.1533333333333333,
    "NanoClimateFEVER_cosine_precision@5": 0.124,
    "NanoClimateFEVER_cosine_precision@10": 0.08999999999999998,
    "NanoClimateFEVER_cosine_recall@1": 0.15333333333333332,
    "NanoClimateFEVER_cosine_recall@3": 0.225,
    "NanoClimateFEVER_cosine_recall@5": 0.2766666666666666,
    "NanoClimateFEVER_cosine_recall@10": 0.3683333333333333,
    "NanoClimateFEVER_cosine_ndcg@10": 0.30722067846944034,
    "NanoClimateFEVER_cosine_mrr@10": 0.40205555555555555,
    "NanoClimateFEVER_cosine_map@100": 0.25224754065852867,
    "NanoDBPedia_cosine_accuracy@1": 0.62,
    "NanoDBPedia_cosine_accuracy@3": 0.84,
    "NanoDBPedia_cosine_accuracy@5": 0.86,
    "NanoDBPedia_cosine_accuracy@10": 0.96,
    "NanoDBPedia_cosine_precision@1": 0.62,
    "NanoDBPedia_cosine_precision@3": 0.5466666666666667,
    "NanoDBPedia_cosine_precision@5": 0.48800000000000004,
    "NanoDBPedia_cosine_precision@10": 0.436,
    "NanoDBPedia_cosine_recall@1": 0.07116252207343807,
    "NanoDBPedia_cosine_recall@3": 0.13530552380172714,
    "NanoDBPedia_cosine_recall@5": 0.17481564646457876,
    "NanoDBPedia_cosine_recall@10": 0.3027349022609284,
    "NanoDBPedia_cosine_ndcg@10": 0.5298228572004468,
    "NanoDBPedia_cosine_mrr@10": 0.7402698412698413,
    "NanoDBPedia_cosine_map@100": 0.3897507204890283,
    "NanoFEVER_cosine_accuracy@1": 0.66,
    "NanoFEVER_cosine_accuracy@3": 0.86,
    "NanoFEVER_cosine_accuracy@5": 0.94,
    "NanoFEVER_cosine_accuracy@10": 0.96,
    "NanoFEVER_cosine_precision@1": 0.66,
    "NanoFEVER_cosine_precision@3": 0.29333333333333333,
    "NanoFEVER_cosine_precision@5": 0.19599999999999995,
    "NanoFEVER_cosine_precision@10": 0.09999999999999998,
    "NanoFEVER_cosine_recall@1": 0.6166666666666667,
    "NanoFEVER_cosine_recall@3": 0.8266666666666667,
    "NanoFEVER_cosine_recall@5": 0.9033333333333333,
    "NanoFEVER_cosine_recall@10": 0.9233333333333333,
    "NanoFEVER_cosine_ndcg@10": 0.7963362859728196,
    "NanoFEVER_cosine_mrr@10": 0.778,
    "NanoFEVER_cosine_map@100": 0.7467828681217782,
    "NanoFiQA2018_cosine_accuracy@1": 0.46,
    "NanoFiQA2018_cosine_accuracy@3": 0.68,
    "NanoFiQA2018_cosine_accuracy@5": 0.8,
    "NanoFiQA2018_cosine_accuracy@10": 0.8,
    "NanoFiQA2018_cosine_precision@1": 0.46,
    "NanoFiQA2018_cosine_precision@3": 0.3,
    "NanoFiQA2018_cosine_precision@5": 0.25199999999999995,
    "NanoFiQA2018_cosine_precision@10": 0.144,
    "NanoFiQA2018_cosine_recall@1": 0.23257936507936505,
    "NanoFiQA2018_cosine_recall@3": 0.47110317460317463,
    "NanoFiQA2018_cosine_recall@5": 0.6063174603174603,
    "NanoFiQA2018_cosine_recall@10": 0.6416190476190476,
    "NanoFiQA2018_cosine_ndcg@10": 0.5278794615256848,
    "NanoFiQA2018_cosine_mrr@10": 0.5859999999999999,
    "NanoFiQA2018_cosine_map@100": 0.4496037652005063,
    "NanoHotpotQA_cosine_accuracy@1": 0.72,
    "NanoHotpotQA_cosine_accuracy@3": 0.82,
    "NanoHotpotQA_cosine_accuracy@5": 0.84,
    "NanoHotpotQA_cosine_accuracy@10": 0.94,
    "NanoHotpotQA_cosine_precision@1": 0.72,
    "NanoHotpotQA_cosine_precision@3": 0.3999999999999999,
    "NanoHotpotQA_cosine_precision@5": 0.256,
    "NanoHotpotQA_cosine_precision@10": 0.148,
    "NanoHotpotQA_cosine_recall@1": 0.36,
    "NanoHotpotQA_cosine_recall@3": 0.6,
    "NanoHotpotQA_cosine_recall@5": 0.64,
    "NanoHotpotQA_cosine_recall@10": 0.74,
    "NanoHotpotQA_cosine_ndcg@10": 0.6796782501981133,
    "NanoHotpotQA_cosine_mrr@10": 0.7880238095238095,
    "NanoHotpotQA_cosine_map@100": 0.6082084988886126,
    "NanoMSMARCO_cosine_accuracy@1": 0.36,
    "NanoMSMARCO_cosine_accuracy@3": 0.64,
    "NanoMSMARCO_cosine_accuracy@5": 0.72,
    "NanoMSMARCO_cosine_accuracy@10": 0.8,
    "NanoMSMARCO_cosine_precision@1": 0.36,
    "NanoMSMARCO_cosine_precision@3": 0.21333333333333332,
    "NanoMSMARCO_cosine_precision@5": 0.14400000000000002,
    "NanoMSMARCO_cosine_precision@10": 0.08,
    "NanoMSMARCO_cosine_recall@1": 0.36,
    "NanoMSMARCO_cosine_recall@3": 0.64,
    "NanoMSMARCO_cosine_recall@5": 0.72,
    "NanoMSMARCO_cosine_recall@10": 0.8,
    "NanoMSMARCO_cosine_ndcg@10": 0.5828975140199241,
    "NanoMSMARCO_cosine_mrr@10": 0.5132222222222221,
    "NanoMSMARCO_cosine_map@100": 0.5257917732126124,
    "NanoNFCorpus_cosine_accuracy@1": 0.44,
    "NanoNFCorpus_cosine_accuracy@3": 0.52,
    "NanoNFCorpus_cosine_accuracy@5": 0.62,
    "NanoNFCorpus_cosine_accuracy@10": 0.64,
    "NanoNFCorpus_cosine_precision@1": 0.44,
    "NanoNFCorpus_cosine_precision@3": 0.36,
    "NanoNFCorpus_cosine_precision@5": 0.35200000000000004,
    "NanoNFCorpus_cosine_precision@10": 0.276,
    "NanoNFCorpus_cosine_recall@1": 0.025779204025380694,
    "NanoNFCorpus_cosine_recall@3": 0.059278208107176766,
    "NanoNFCorpus_cosine_recall@5": 0.09553690123754902,
    "NanoNFCorpus_cosine_recall@10": 0.1201685800029653,
    "NanoNFCorpus_cosine_ndcg@10": 0.3293049990184294,
    "NanoNFCorpus_cosine_mrr@10": 0.5006666666666667,
    "NanoNFCorpus_cosine_map@100": 0.1329365866938774,
    "NanoNQ_cosine_accuracy@1": 0.48,
    "NanoNQ_cosine_accuracy@3": 0.68,
    "NanoNQ_cosine_accuracy@5": 0.8,
    "NanoNQ_cosine_accuracy@10": 0.82,
    "NanoNQ_cosine_precision@1": 0.48,
    "NanoNQ_cosine_precision@3": 0.2333333333333333,
    "NanoNQ_cosine_precision@5": 0.16799999999999998,
    "NanoNQ_cosine_precision@10": 0.088,
    "NanoNQ_cosine_recall@1": 0.44,
    "NanoNQ_cosine_recall@3": 0.64,
    "NanoNQ_cosine_recall@5": 0.76,
    "NanoNQ_cosine_recall@10": 0.79,
    "NanoNQ_cosine_ndcg@10": 0.6231694727335656,
    "NanoNQ_cosine_mrr@10": 0.5905555555555554,
    "NanoNQ_cosine_map@100": 0.5651949892213051,
    "NanoQuoraRetrieval_cosine_accuracy@1": 0.94,
    "NanoQuoraRetrieval_cosine_accuracy@3": 1.0,
    "NanoQuoraRetrieval_cosine_accuracy@5": 1.0,
    "NanoQuoraRetrieval_cosine_accuracy@10": 1.0,
    "NanoQuoraRetrieval_cosine_precision@1": 0.94,
    "NanoQuoraRetrieval_cosine_precision@3": 0.4133333333333333,
    "NanoQuoraRetrieval_cosine_precision@5": 0.264,
    "NanoQuoraRetrieval_cosine_precision@10": 0.13799999999999998,
    "NanoQuoraRetrieval_cosine_recall@1": 0.8273333333333334,
    "NanoQuoraRetrieval_cosine_recall@3": 0.9653333333333333,
    "NanoQuoraRetrieval_cosine_recall@5": 0.9866666666666666,
    "NanoQuoraRetrieval_cosine_recall@10": 0.9966666666666666,
    "NanoQuoraRetrieval_cosine_ndcg@10": 0.9682123846197749,
    "NanoQuoraRetrieval_cosine_mrr@10": 0.9666666666666667,
    "NanoQuoraRetrieval_cosine_map@100": 0.9537989417989418,
    "NanoSCIDOCS_cosine_accuracy@1": 0.48,
    "NanoSCIDOCS_cosine_accuracy@3": 0.68,
    "NanoSCIDOCS_cosine_accuracy@5": 0.78,
    "NanoSCIDOCS_cosine_accuracy@10": 0.84,
    "NanoSCIDOCS_cosine_precision@1": 0.48,
    "NanoSCIDOCS_cosine_precision@3": 0.3733333333333333,
    "NanoSCIDOCS_cosine_precision@5": 0.3,
    "NanoSCIDOCS_cosine_precision@10": 0.20199999999999999,
    "NanoSCIDOCS_cosine_recall@1": 0.10166666666666666,
    "NanoSCIDOCS_cosine_recall@3": 0.23066666666666663,
    "NanoSCIDOCS_cosine_recall@5": 0.30966666666666665,
    "NanoSCIDOCS_cosine_recall@10": 0.41466666666666663,
    "NanoSCIDOCS_cosine_ndcg@10": 0.405610999037757,
    "NanoSCIDOCS_cosine_mrr@10": 0.5949126984126982,
    "NanoSCIDOCS_cosine_map@100": 0.3278572961320678,
    "NanoArguAna_cosine_accuracy@1": 0.16,
    "NanoArguAna_cosine_accuracy@3": 0.62,
    "NanoArguAna_cosine_accuracy@5": 0.78,
    "NanoArguAna_cosine_accuracy@10": 0.92,
    "NanoArguAna_cosine_precision@1": 0.16,
    "NanoArguAna_cosine_precision@3": 0.20666666666666667,
    "NanoArguAna_cosine_precision@5": 0.15600000000000003,
    "NanoArguAna_cosine_precision@10": 0.092,
    "NanoArguAna_cosine_recall@1": 0.16,
    "NanoArguAna_cosine_recall@3": 0.62,