{
    "NanoClimateFEVER_cosine_accuracy@1": 0.28,
    "NanoClimateFEVER_cosine_accuracy@3": 0.48,
    "NanoClimateFEVER_cosine_accuracy@5": 0.54,
    "NanoClimateFEVER_cosine_accuracy@10": 0.68,
    "NanoClimateFEVER_cosine_precision@1": 0.28,
    "NanoClimateFEVER_cosine_precision@3": 0.16666666666666663,
    "NanoClimateFEVER_cosine_precision@5": 0.12,
    "NanoClimateFEVER_cosine_precision@10": 0.092,
    "NanoClimateFEVER_cosine_recall@1": 0.15999999999999998,
    "NanoClimateFEVER_cosine_recall@3": 0.22566666666666665,
    "NanoClimateFEVER_cosine_recall@5": 0.25566666666666665,
    "NanoClimateFEVER_cosine_recall@10": 0.36566666666666664,
    "NanoClimateFEVER_cosine_ndcg@10": 0.30608615325140737,
    "NanoClimateFEVER_cosine_mrr@10": 0.3987936507936507,
    "NanoClimateFEVER_cosine_map@100": 0.24986201473831604,
    "NanoDBPedia_cosine_accuracy@1": 0.62,
    "NanoDBPedia_cosine_accuracy@3": 0.86,
    "NanoDBPedia_cosine_accuracy@5": 0.94,
    "NanoDBPedia_cosine_accuracy@10": 0.96,
    "NanoDBPedia_cosine_precision@1": 0.62,
    "NanoDBPedia_cosine_precision@3": 0.5733333333333333,
    "NanoDBPedia_cosine_precision@5": 0.528,
    "NanoDBPedia_cosine_precision@10": 0.44400000000000006,
    "NanoDBPedia_cosine_recall@1": 0.06881991840517651,
    "NanoDBPedia_cosine_recall@3": 0.17118736677657417,
    "NanoDBPedia_cosine_recall@5": 0.22428830526804042,
    "NanoDBPedia_cosine_recall@10": 0.31905495568464737,
    "NanoDBPedia_cosine_ndcg@10": 0.5555087083263212,
    "NanoDBPedia_cosine_mrr@10": 0.7545555555555556,
    "NanoDBPedia_cosine_map@100": 0.4113999721795855,
    "NanoFEVER_cosine_accuracy@1": 0.62,
    "NanoFEVER_cosine_accuracy@3": 0.86,
    "NanoFEVER_cosine_accuracy@5": 0.88,
    "NanoFEVER_cosine_accuracy@10": 0.94,
    "NanoFEVER_cosine_precision@1": 0.62,
    "NanoFEVER_cosine_precision@3": 0.29333333333333333,
    "NanoFEVER_cosine_precision@5": 0.184,
    "NanoFEVER_cosine_precision@10": 0.09799999999999998,
    "NanoFEVER_cosine_recall@1": 0.5766666666666667,
    "NanoFEVER_cosine_recall@3": 0.8033333333333332,
    "NanoFEVER_cosine_recall@5": 0.8333333333333333,
    "NanoFEVER_cosine_recall@10": 0.8933333333333333,
    "NanoFEVER_cosine_ndcg@10": 0.7465291166510353,
    "NanoFEVER_cosine_mrr@10": 0.7251666666666668,
    "NanoFEVER_cosine_map@100": 0.6926355166572559,
    "NanoFiQA2018_cosine_accuracy@1": 0.34,
    "NanoFiQA2018_cosine_accuracy@3": 0.5,
    "NanoFiQA2018_cosine_accuracy@5": 0.64,
    "NanoFiQA2018_cosine_accuracy@10": 0.7,
    "NanoFiQA2018_cosine_precision@1": 0.34,
    "NanoFiQA2018_cosine_precision@3": 0.24666666666666667,
    "NanoFiQA2018_cosine_precision@5": 0.204,
    "NanoFiQA2018_cosine_precision@10": 0.12799999999999997,
    "NanoFiQA2018_cosine_recall@1": 0.16007936507936507,
    "NanoFiQA2018_cosine_recall@3": 0.32768253968253963,
    "NanoFiQA2018_cosine_recall@5": 0.46476190476190476,
    "NanoFiQA2018_cosine_recall@10": 0.5378095238095237,
    "NanoFiQA2018_cosine_ndcg@10": 0.4150204735288582,
    "NanoFiQA2018_cosine_mrr@10": 0.44796825396825385,
    "NanoFiQA2018_cosine_map@100": 0.34800506321583624,
    "NanoHotpotQA_cosine_accuracy@1": 0.82,
    "NanoHotpotQA_cosine_accuracy@3": 0.96,
    "NanoHotpotQA_cosine_accuracy@5": 0.96,
    "NanoHotpotQA_cosine_accuracy@10": 0.98,
    "NanoHotpotQA_cosine_precision@1": 0.82,
    "NanoHotpotQA_cosine_precision@3": 0.5133333333333333,
    "NanoHotpotQA_cosine_precision@5": 0.3319999999999999,
    "NanoHotpotQA_cosine_precision@10": 0.16799999999999993,
    "NanoHotpotQA_cosine_recall@1": 0.41,
    "NanoHotpotQA_cosine_recall@3": 0.77,
    "NanoHotpotQA_cosine_recall@5": 0.83,
    "NanoHotpotQA_cosine_recall@10": 0.84,
    "NanoHotpotQA_cosine_ndcg@10": 0.8037084600046707,
    "NanoHotpotQA_cosine_mrr@10": 0.8828571428571429,
    "NanoHotpotQA_cosine_map@100": 0.7586025667977903,
    "NanoMSMARCO_cosine_accuracy@1": 0.38,
    "NanoMSMARCO_cosine_accuracy@3": 0.66,
    "NanoMSMARCO_cosine_accuracy@5": 0.78,
    "NanoMSMARCO_cosine_accuracy@10": 0.88,
    "NanoMSMARCO_cosine_precision@1": 0.38,
    "NanoMSMARCO_cosine_precision@3": 0.22,
    "NanoMSMARCO_cosine_precision@5": 0.15600000000000003,
    "NanoMSMARCO_cosine_precision@10": 0.088,
    "NanoMSMARCO_cosine_recall@1": 0.38,
    "NanoMSMARCO_cosine_recall@3": 0.66,
    "NanoMSMARCO_cosine_recall@5": 0.78,
    "NanoMSMARCO_cosine_recall@10": 0.88,
    "NanoMSMARCO_cosine_ndcg@10": 0.6270109888464392,
    "NanoMSMARCO_cosine_mrr@10": 0.547079365079365,
    "NanoMSMARCO_cosine_map@100": 0.5531324693039463,
    "NanoNFCorpus_cosine_accuracy@1": 0.4,
    "NanoNFCorpus_cosine_accuracy@3": 0.58,
    "NanoNFCorpus_cosine_accuracy@5": 0.62,
    "NanoNFCorpus_cosine_accuracy@10": 0.64,
    "NanoNFCorpus_cosine_precision@1": 0.4,
    "NanoNFCorpus_cosine_precision@3": 0.36,
    "NanoNFCorpus_cosine_precision@5": 0.29600000000000004,
    "NanoNFCorpus_cosine_precision@10": 0.256,
    "NanoNFCorpus_cosine_recall@1": 0.04265597152867596,
    "NanoNFCorpus_cosine_recall@3": 0.09049079054278493,
    "NanoNFCorpus_cosine_recall@5": 0.10279953434051857,
    "NanoNFCorpus_cosine_recall@10": 0.1281095481005186,
    "NanoNFCorpus_cosine_ndcg@10": 0.32190131818141365,
    "NanoNFCorpus_cosine_mrr@10": 0.4915,
    "NanoNFCorpus_cosine_map@100": 0.14001922176752307,
    "NanoNQ_cosine_accuracy@1": 0.48,
    "NanoNQ_cosine_accuracy@3": 0.64,
    "NanoNQ_cosine_accuracy@5": 0.78,
    "NanoNQ_cosine_accuracy@10": 0.82,
    "NanoNQ_cosine_precision@1": 0.48,
    "NanoNQ_cosine_precision@3": 0.21333333333333332,
    "NanoNQ_cosine_precision@5": 0.16,
    "NanoNQ_cosine_precision@10": 0.08799999999999997,
    "NanoNQ_cosine_recall@1": 0.45,
    "NanoNQ_cosine_recall@3": 0.59,
    "NanoNQ_cosine_recall@5": 0.72,
    "NanoNQ_cosine_recall@10": 0.78,
    "NanoNQ_cosine_ndcg@10": 0.6193676340012105,
    "NanoNQ_cosine_mrr@10": 0.5882222222222222,
    "NanoNQ_cosine_map@100": 0.5654615354533243,
    "NanoQuoraRetrieval_cosine_accuracy@1": 0.9,
    "NanoQuoraRetrieval_cosine_accuracy@3": 0.98,
    "NanoQuoraRetrieval_cosine_accuracy@5": 0.98,
    "NanoQuoraRetrieval_cosine_accuracy@10": 1.0,
    "NanoQuoraRetrieval_cosine_precision@1": 0.9,
    "NanoQuoraRetrieval_cosine_precision@3": 0.3933333333333333,
    "NanoQuoraRetrieval_cosine_precision@5": 0.24799999999999997,
    "NanoQuoraRetrieval_cosine_precision@10": 0.12999999999999998,
    "NanoQuoraRetrieval_cosine_recall@1": 0.7873333333333332,
    "NanoQuoraRetrieval_cosine_recall@3": 0.9313333333333332,
    "NanoQuoraRetrieval_cosine_recall@5": 0.9493333333333334,
    "NanoQuoraRetrieval_cosine_recall@10": 0.9793333333333334,
    "NanoQuoraRetrieval_cosine_ndcg@10": 0.9320011338016567,
    "NanoQuoraRetrieval_cosine_mrr@10": 0.9366666666666665,
    "NanoQuoraRetrieval_cosine_map@100": 0.9074164007413731,
    "NanoSCIDOCS_cosine_accuracy@1": 0.46,
    "NanoSCIDOCS_cosine_accuracy@3": 0.64,
    "NanoSCIDOCS_cosine_accuracy@5": 0.72,
    "NanoSCIDOCS_cosine_accuracy@10": 0.84,
    "NanoSCIDOCS_cosine_precision@1": 0.46,
    "NanoSCIDOCS_cosine_precision@3": 0.3066666666666667,
    "NanoSCIDOCS_cosine_precision@5": 0.272,
    "NanoSCIDOCS_cosine_precision@10": 0.182,
    "NanoSCIDOCS_cosine_recall@1": 0.09666666666666668,
    "NanoSCIDOCS_cosine_recall@3": 0.18966666666666665,
    "NanoSCIDOCS_cosine_recall@5": 0.2786666666666667,
    "NanoSCIDOCS_cosine_recall@10": 0.37366666666666665,
    "NanoSCIDOCS_cosine_ndcg@10": 0.3640731782340385,
    "NanoSCIDOCS_cosine_mrr@10": 0.5740000000000001,
    "NanoSCIDOCS_cosine_map@100": 0.2767317085657648,
    "NanoArguAna_cosine_accuracy@1": 0.1,
    "NanoArguAna_cosine_accuracy@3": 0.52,
    "NanoArguAna_cosine_accuracy@5": 0.58,
    "NanoArguAna_cosine_accuracy@10": 0.66,
    "NanoArguAna_cosine_precision@1": 0.1,
    "NanoArguAna_cosine_precision@3": 0.1733333333333333,
    "NanoArguAna_cosine_precision@5": 0.11600000000000002,
    "NanoArguAna_cosine_precision@10": 0.06600000000000002,
    "NanoArguAna_cosine_recall@1": 0.1,