{
    "NanoClimateFEVER_cosine_accuracy@1": 0.34,
    "NanoClimateFEVER_cosine_accuracy@3": 0.52,
    "NanoClimateFEVER_cosine_accuracy@5": 0.62,
    "NanoClimateFEVER_cosine_accuracy@10": 0.82,
    "NanoClimateFEVER_cosine_precision@1": 0.34,
    "NanoClimateFEVER_cosine_precision@3": 0.19333333333333333,
    "NanoClimateFEVER_cosine_precision@5": 0.14400000000000002,
    "NanoClimateFEVER_cosine_precision@10": 0.10999999999999999,
    "NanoClimateFEVER_cosine_recall@1": 0.1673333333333333,
    "NanoClimateFEVER_cosine_recall@3": 0.25233333333333335,
    "NanoClimateFEVER_cosine_recall@5": 0.299,
    "NanoClimateFEVER_cosine_recall@10": 0.4223333333333333,
    "NanoClimateFEVER_cosine_ndcg@10": 0.35086083388884176,
    "NanoClimateFEVER_cosine_mrr@10": 0.4637380952380951,
    "NanoClimateFEVER_cosine_map@100": 0.2783394333922666,
    "NanoDBPedia_cosine_accuracy@1": 0.62,
    "NanoDBPedia_cosine_accuracy@3": 0.86,
    "NanoDBPedia_cosine_accuracy@5": 0.92,
    "NanoDBPedia_cosine_accuracy@10": 0.94,
    "NanoDBPedia_cosine_precision@1": 0.62,
    "NanoDBPedia_cosine_precision@3": 0.5666666666666665,
    "NanoDBPedia_cosine_precision@5": 0.524,
    "NanoDBPedia_cosine_precision@10": 0.436,
    "NanoDBPedia_cosine_recall@1": 0.09136457492485534,
    "NanoDBPedia_cosine_recall@3": 0.16761786036355517,
    "NanoDBPedia_cosine_recall@5": 0.21955368600293074,
    "NanoDBPedia_cosine_recall@10": 0.3111994124156794,
    "NanoDBPedia_cosine_ndcg@10": 0.5541103458835742,
    "NanoDBPedia_cosine_mrr@10": 0.7411904761904762,
    "NanoDBPedia_cosine_map@100": 0.42422519188617663,
    "NanoFEVER_cosine_accuracy@1": 0.72,
    "NanoFEVER_cosine_accuracy@3": 0.88,
    "NanoFEVER_cosine_accuracy@5": 0.94,
    "NanoFEVER_cosine_accuracy@10": 0.96,
    "NanoFEVER_cosine_precision@1": 0.72,
    "NanoFEVER_cosine_precision@3": 0.3,
    "NanoFEVER_cosine_precision@5": 0.19999999999999996,
    "NanoFEVER_cosine_precision@10": 0.10399999999999998,
    "NanoFEVER_cosine_recall@1": 0.6766666666666665,
    "NanoFEVER_cosine_recall@3": 0.8233333333333333,
    "NanoFEVER_cosine_recall@5": 0.9033333333333333,
    "NanoFEVER_cosine_recall@10": 0.9333333333333332,
    "NanoFEVER_cosine_ndcg@10": 0.8232975346695092,
    "NanoFEVER_cosine_mrr@10": 0.8083333333333332,
    "NanoFEVER_cosine_map@100": 0.779357142857143,
    "NanoFiQA2018_cosine_accuracy@1": 0.38,
    "NanoFiQA2018_cosine_accuracy@3": 0.5,
    "NanoFiQA2018_cosine_accuracy@5": 0.64,
    "NanoFiQA2018_cosine_accuracy@10": 0.74,
    "NanoFiQA2018_cosine_precision@1": 0.38,
    "NanoFiQA2018_cosine_precision@3": 0.24666666666666665,
    "NanoFiQA2018_cosine_precision@5": 0.19999999999999996,
    "NanoFiQA2018_cosine_precision@10": 0.12399999999999999,
    "NanoFiQA2018_cosine_recall@1": 0.18674603174603177,
    "NanoFiQA2018_cosine_recall@3": 0.33701587301587305,
    "NanoFiQA2018_cosine_recall@5": 0.4523730158730158,
    "NanoFiQA2018_cosine_recall@10": 0.5507857142857143,
    "NanoFiQA2018_cosine_ndcg@10": 0.42647239679279786,
    "NanoFiQA2018_cosine_mrr@10": 0.4704682539682538,
    "NanoFiQA2018_cosine_map@100": 0.3588096504145959,
    "NanoHotpotQA_cosine_accuracy@1": 0.84,
    "NanoHotpotQA_cosine_accuracy@3": 0.98,
    "NanoHotpotQA_cosine_accuracy@5": 0.98,
    "NanoHotpotQA_cosine_accuracy@10": 0.98,
    "NanoHotpotQA_cosine_precision@1": 0.84,
    "NanoHotpotQA_cosine_precision@3": 0.5199999999999999,
    "NanoHotpotQA_cosine_precision@5": 0.324,
    "NanoHotpotQA_cosine_precision@10": 0.17799999999999996,
    "NanoHotpotQA_cosine_recall@1": 0.42,
    "NanoHotpotQA_cosine_recall@3": 0.78,
    "NanoHotpotQA_cosine_recall@5": 0.81,
    "NanoHotpotQA_cosine_recall@10": 0.89,
    "NanoHotpotQA_cosine_ndcg@10": 0.8297447290465645,
    "NanoHotpotQA_cosine_mrr@10": 0.9066666666666666,
    "NanoHotpotQA_cosine_map@100": 0.7670946585768569,
    "NanoMSMARCO_cosine_accuracy@1": 0.42,
    "NanoMSMARCO_cosine_accuracy@3": 0.72,
    "NanoMSMARCO_cosine_accuracy@5": 0.74,
    "NanoMSMARCO_cosine_accuracy@10": 0.86,
    "NanoMSMARCO_cosine_precision@1": 0.42,
    "NanoMSMARCO_cosine_precision@3": 0.24,
    "NanoMSMARCO_cosine_precision@5": 0.14800000000000002,
    "NanoMSMARCO_cosine_precision@10": 0.08599999999999998,
    "NanoMSMARCO_cosine_recall@1": 0.42,
    "NanoMSMARCO_cosine_recall@3": 0.72,
    "NanoMSMARCO_cosine_recall@5": 0.74,
    "NanoMSMARCO_cosine_recall@10": 0.86,
    "NanoMSMARCO_cosine_ndcg@10": 0.6493515177673922,
    "NanoMSMARCO_cosine_mrr@10": 0.5815238095238096,
    "NanoMSMARCO_cosine_map@100": 0.5878465325524149,
    "NanoNFCorpus_cosine_accuracy@1": 0.38,
    "NanoNFCorpus_cosine_accuracy@3": 0.52,
    "NanoNFCorpus_cosine_accuracy@5": 0.54,
    "NanoNFCorpus_cosine_accuracy@10": 0.58,
    "NanoNFCorpus_cosine_precision@1": 0.38,
    "NanoNFCorpus_cosine_precision@3": 0.3533333333333333,
    "NanoNFCorpus_cosine_precision@5": 0.32,
    "NanoNFCorpus_cosine_precision@10": 0.24799999999999997,
    "NanoNFCorpus_cosine_recall@1": 0.021981071860788907,
    "NanoNFCorpus_cosine_recall@3": 0.054650282825247094,
    "NanoNFCorpus_cosine_recall@5": 0.089877697390467,
    "NanoNFCorpus_cosine_recall@10": 0.10895772230321529,
    "NanoNFCorpus_cosine_ndcg@10": 0.2965757977653524,
    "NanoNFCorpus_cosine_mrr@10": 0.45119047619047614,
    "NanoNFCorpus_cosine_map@100": 0.11920223212849672,
    "NanoNQ_cosine_accuracy@1": 0.5,
    "NanoNQ_cosine_accuracy@3": 0.66,
    "NanoNQ_cosine_accuracy@5": 0.76,
    "NanoNQ_cosine_accuracy@10": 0.84,
    "NanoNQ_cosine_precision@1": 0.5,
    "NanoNQ_cosine_precision@3": 0.22,
    "NanoNQ_cosine_precision@5": 0.15200000000000002,
    "NanoNQ_cosine_precision@10": 0.08999999999999998,
    "NanoNQ_cosine_recall@1": 0.47,
    "NanoNQ_cosine_recall@3": 0.61,
    "NanoNQ_cosine_recall@5": 0.69,
    "NanoNQ_cosine_recall@10": 0.8,
    "NanoNQ_cosine_ndcg@10": 0.6335035413291493,
    "NanoNQ_cosine_mrr@10": 0.6036904761904762,
    "NanoNQ_cosine_map@100": 0.5762474790659303,
    "NanoQuoraRetrieval_cosine_accuracy@1": 0.9,
    "NanoQuoraRetrieval_cosine_accuracy@3": 0.96,
    "NanoQuoraRetrieval_cosine_accuracy@5": 1.0,
    "NanoQuoraRetrieval_cosine_accuracy@10": 1.0,
    "NanoQuoraRetrieval_cosine_precision@1": 0.9,
    "NanoQuoraRetrieval_cosine_precision@3": 0.3933333333333333,
    "NanoQuoraRetrieval_cosine_precision@5": 0.25199999999999995,
    "NanoQuoraRetrieval_cosine_precision@10": 0.13399999999999998,
    "NanoQuoraRetrieval_cosine_recall@1": 0.7873333333333332,
    "NanoQuoraRetrieval_cosine_recall@3": 0.9153333333333333,
    "NanoQuoraRetrieval_cosine_recall@5": 0.9693333333333334,
    "NanoQuoraRetrieval_cosine_recall@10": 0.99,
    "NanoQuoraRetrieval_cosine_ndcg@10": 0.935772214294374,
    "NanoQuoraRetrieval_cosine_mrr@10": 0.9346666666666666,
    "NanoQuoraRetrieval_cosine_map@100": 0.9084450582450582,
    "NanoSCIDOCS_cosine_accuracy@1": 0.5,
    "NanoSCIDOCS_cosine_accuracy@3": 0.7,
    "NanoSCIDOCS_cosine_accuracy@5": 0.78,
    "NanoSCIDOCS_cosine_accuracy@10": 0.84,
    "NanoSCIDOCS_cosine_precision@1": 0.5,
    "NanoSCIDOCS_cosine_precision@3": 0.3399999999999999,
    "NanoSCIDOCS_cosine_precision@5": 0.264,
    "NanoSCIDOCS_cosine_precision@10": 0.19,
    "NanoSCIDOCS_cosine_recall@1": 0.10466666666666667,
    "NanoSCIDOCS_cosine_recall@3": 0.2096666666666666,
    "NanoSCIDOCS_cosine_recall@5": 0.2723333333333333,
    "NanoSCIDOCS_cosine_recall@10": 0.3933333333333333,
    "NanoSCIDOCS_cosine_ndcg@10": 0.3849039239868096,
    "NanoSCIDOCS_cosine_mrr@10": 0.6171666666666666,
    "NanoSCIDOCS_cosine_map@100": 0.294665664986263,
    "NanoArguAna_cosine_accuracy@1": 0.1,
    "NanoArguAna_cosine_accuracy@3": 0.5,
    "NanoArguAna_cosine_accuracy@5": 0.62,
    "NanoArguAna_cosine_accuracy@10": 0.68,
    "NanoArguAna_cosine_precision@1": 0.1,
    "NanoArguAna_cosine_precision@3": 0.16666666666666663,
    "NanoArguAna_cosine_precision@5": 0.12400000000000003,
    "NanoArguAna_cosine_precision@10": 0.068,
    "NanoArguAna_cosine_recall@1": 0.1,