{
    "NanoClimateFEVER_cosine_accuracy@1": 0.3,
    "NanoClimateFEVER_cosine_accuracy@3": 0.44,
    "NanoClimateFEVER_cosine_accuracy@5": 0.48,
    "NanoClimateFEVER_cosine_accuracy@10": 0.72,
    "NanoClimateFEVER_cosine_precision@1": 0.3,
    "NanoClimateFEVER_cosine_precision@3": 0.16666666666666663,
    "NanoClimateFEVER_cosine_precision@5": 0.11600000000000002,
    "NanoClimateFEVER_cosine_precision@10": 0.092,
    "NanoClimateFEVER_cosine_recall@1": 0.15166666666666664,
    "NanoClimateFEVER_cosine_recall@3": 0.21666666666666665,
    "NanoClimateFEVER_cosine_recall@5": 0.24,
    "NanoClimateFEVER_cosine_recall@10": 0.358,
    "NanoClimateFEVER_cosine_ndcg@10": 0.30002582162977526,
    "NanoClimateFEVER_cosine_mrr@10": 0.40749206349206346,
    "NanoClimateFEVER_cosine_map@100": 0.24034120154537775,
    "NanoDBPedia_cosine_accuracy@1": 0.58,
    "NanoDBPedia_cosine_accuracy@3": 0.84,
    "NanoDBPedia_cosine_accuracy@5": 0.86,
    "NanoDBPedia_cosine_accuracy@10": 0.94,
    "NanoDBPedia_cosine_precision@1": 0.58,
    "NanoDBPedia_cosine_precision@3": 0.5333333333333332,
    "NanoDBPedia_cosine_precision@5": 0.48800000000000004,
    "NanoDBPedia_cosine_precision@10": 0.43200000000000005,
    "NanoDBPedia_cosine_recall@1": 0.06948075756601567,
    "NanoDBPedia_cosine_recall@3": 0.16210451590145958,
    "NanoDBPedia_cosine_recall@5": 0.20868199537478874,
    "NanoDBPedia_cosine_recall@10": 0.32119684693537937,
    "NanoDBPedia_cosine_ndcg@10": 0.5371270537507992,
    "NanoDBPedia_cosine_mrr@10": 0.7073333333333334,
    "NanoDBPedia_cosine_map@100": 0.3972307317331,
    "NanoFEVER_cosine_accuracy@1": 0.66,
    "NanoFEVER_cosine_accuracy@3": 0.88,
    "NanoFEVER_cosine_accuracy@5": 0.88,
    "NanoFEVER_cosine_accuracy@10": 0.98,
    "NanoFEVER_cosine_precision@1": 0.66,
    "NanoFEVER_cosine_precision@3": 0.30666666666666664,
    "NanoFEVER_cosine_precision@5": 0.184,
    "NanoFEVER_cosine_precision@10": 0.102,
    "NanoFEVER_cosine_recall@1": 0.6266666666666667,
    "NanoFEVER_cosine_recall@3": 0.8533333333333333,
    "NanoFEVER_cosine_recall@5": 0.8533333333333333,
    "NanoFEVER_cosine_recall@10": 0.9333333333333332,
    "NanoFEVER_cosine_ndcg@10": 0.7930471389835554,
    "NanoFEVER_cosine_mrr@10": 0.7648809523809526,
    "NanoFEVER_cosine_map@100": 0.7398770558271278,
    "NanoFiQA2018_cosine_accuracy@1": 0.34,
    "NanoFiQA2018_cosine_accuracy@3": 0.52,
    "NanoFiQA2018_cosine_accuracy@5": 0.56,
    "NanoFiQA2018_cosine_accuracy@10": 0.72,
    "NanoFiQA2018_cosine_precision@1": 0.34,
    "NanoFiQA2018_cosine_precision@3": 0.22,
    "NanoFiQA2018_cosine_precision@5": 0.16,
    "NanoFiQA2018_cosine_precision@10": 0.11199999999999999,
    "NanoFiQA2018_cosine_recall@1": 0.17874603174603174,
    "NanoFiQA2018_cosine_recall@3": 0.31226984126984125,
    "NanoFiQA2018_cosine_recall@5": 0.3781269841269841,
    "NanoFiQA2018_cosine_recall@10": 0.5390714285714285,
    "NanoFiQA2018_cosine_ndcg@10": 0.4066556242551455,
    "NanoFiQA2018_cosine_mrr@10": 0.4559920634920635,
    "NanoFiQA2018_cosine_map@100": 0.3373444596535682,
    "NanoHotpotQA_cosine_accuracy@1": 0.82,
    "NanoHotpotQA_cosine_accuracy@3": 0.9,
    "NanoHotpotQA_cosine_accuracy@5": 0.9,
    "NanoHotpotQA_cosine_accuracy@10": 0.98,
    "NanoHotpotQA_cosine_precision@1": 0.82,
    "NanoHotpotQA_cosine_precision@3": 0.4666666666666666,
    "NanoHotpotQA_cosine_precision@5": 0.30400000000000005,
    "NanoHotpotQA_cosine_precision@10": 0.16599999999999998,
    "NanoHotpotQA_cosine_recall@1": 0.41,
    "NanoHotpotQA_cosine_recall@3": 0.7,
    "NanoHotpotQA_cosine_recall@5": 0.76,
    "NanoHotpotQA_cosine_recall@10": 0.83,
    "NanoHotpotQA_cosine_ndcg@10": 0.7772867140784168,
    "NanoHotpotQA_cosine_mrr@10": 0.8635238095238096,
    "NanoHotpotQA_cosine_map@100": 0.7192421616612513,
    "NanoMSMARCO_cosine_accuracy@1": 0.42,
    "NanoMSMARCO_cosine_accuracy@3": 0.64,
    "NanoMSMARCO_cosine_accuracy@5": 0.74,
    "NanoMSMARCO_cosine_accuracy@10": 0.86,
    "NanoMSMARCO_cosine_precision@1": 0.42,
    "NanoMSMARCO_cosine_precision@3": 0.21333333333333332,
    "NanoMSMARCO_cosine_precision@5": 0.14800000000000002,
    "NanoMSMARCO_cosine_precision@10": 0.086,
    "NanoMSMARCO_cosine_recall@1": 0.42,
    "NanoMSMARCO_cosine_recall@3": 0.64,
    "NanoMSMARCO_cosine_recall@5": 0.74,
    "NanoMSMARCO_cosine_recall@10": 0.86,
    "NanoMSMARCO_cosine_ndcg@10": 0.6333891036571622,
    "NanoMSMARCO_cosine_mrr@10": 0.5619365079365078,
    "NanoMSMARCO_cosine_map@100": 0.5706144364595978,
    "NanoNFCorpus_cosine_accuracy@1": 0.42,
    "NanoNFCorpus_cosine_accuracy@3": 0.6,
    "NanoNFCorpus_cosine_accuracy@5": 0.68,
    "NanoNFCorpus_cosine_accuracy@10": 0.7,
    "NanoNFCorpus_cosine_precision@1": 0.42,
    "NanoNFCorpus_cosine_precision@3": 0.3399999999999999,
    "NanoNFCorpus_cosine_precision@5": 0.324,
    "NanoNFCorpus_cosine_precision@10": 0.27399999999999997,
    "NanoNFCorpus_cosine_recall@1": 0.04354659638681919,
    "NanoNFCorpus_cosine_recall@3": 0.06611499511210141,
    "NanoNFCorpus_cosine_recall@5": 0.09681244770564977,
    "NanoNFCorpus_cosine_recall@10": 0.14603654487805792,
    "NanoNFCorpus_cosine_ndcg@10": 0.33394205964550594,
    "NanoNFCorpus_cosine_mrr@10": 0.5235555555555554,
    "NanoNFCorpus_cosine_map@100": 0.13082372285703317,
    "NanoNQ_cosine_accuracy@1": 0.46,
    "NanoNQ_cosine_accuracy@3": 0.6,
    "NanoNQ_cosine_accuracy@5": 0.78,
    "NanoNQ_cosine_accuracy@10": 0.84,
    "NanoNQ_cosine_precision@1": 0.46,
    "NanoNQ_cosine_precision@3": 0.20666666666666664,
    "NanoNQ_cosine_precision@5": 0.16799999999999998,
    "NanoNQ_cosine_precision@10": 0.092,
    "NanoNQ_cosine_recall@1": 0.43,
    "NanoNQ_cosine_recall@3": 0.57,
    "NanoNQ_cosine_recall@5": 0.75,
    "NanoNQ_cosine_recall@10": 0.82,
    "NanoNQ_cosine_ndcg@10": 0.6222799906929865,
    "NanoNQ_cosine_mrr@10": 0.5718888888888888,
    "NanoNQ_cosine_map@100": 0.5575292333270594,
    "NanoQuoraRetrieval_cosine_accuracy@1": 0.92,
    "NanoQuoraRetrieval_cosine_accuracy@3": 1.0,
    "NanoQuoraRetrieval_cosine_accuracy@5": 1.0,
    "NanoQuoraRetrieval_cosine_accuracy@10": 1.0,
    "NanoQuoraRetrieval_cosine_precision@1": 0.92,
    "NanoQuoraRetrieval_cosine_precision@3": 0.40666666666666657,
    "NanoQuoraRetrieval_cosine_precision@5": 0.25199999999999995,
    "NanoQuoraRetrieval_cosine_precision@10": 0.13399999999999998,
    "NanoQuoraRetrieval_cosine_recall@1": 0.8073333333333332,
    "NanoQuoraRetrieval_cosine_recall@3": 0.9586666666666668,
    "NanoQuoraRetrieval_cosine_recall@5": 0.9693333333333334,
    "NanoQuoraRetrieval_cosine_recall@10": 0.99,
    "NanoQuoraRetrieval_cosine_ndcg@10": 0.9526912416187809,
    "NanoQuoraRetrieval_cosine_mrr@10": 0.9566666666666667,
    "NanoQuoraRetrieval_cosine_map@100": 0.9305151222651221,
    "NanoSCIDOCS_cosine_accuracy@1": 0.36,
    "NanoSCIDOCS_cosine_accuracy@3": 0.62,
    "NanoSCIDOCS_cosine_accuracy@5": 0.66,
    "NanoSCIDOCS_cosine_accuracy@10": 0.8,
    "NanoSCIDOCS_cosine_precision@1": 0.36,
    "NanoSCIDOCS_cosine_precision@3": 0.32,
    "NanoSCIDOCS_cosine_precision@5": 0.25199999999999995,
    "NanoSCIDOCS_cosine_precision@10": 0.162,
    "NanoSCIDOCS_cosine_recall@1": 0.07566666666666669,
    "NanoSCIDOCS_cosine_recall@3": 0.19666666666666666,
    "NanoSCIDOCS_cosine_recall@5": 0.25666666666666665,
    "NanoSCIDOCS_cosine_recall@10": 0.3306666666666666,
    "NanoSCIDOCS_cosine_ndcg@10": 0.3233139029224608,
    "NanoSCIDOCS_cosine_mrr@10": 0.496468253968254,
    "NanoSCIDOCS_cosine_map@100": 0.24950768241404336,
    "NanoArguAna_cosine_accuracy@1": 0.14,
    "NanoArguAna_cosine_accuracy@3": 0.52,
    "NanoArguAna_cosine_accuracy@5": 0.64,
    "NanoArguAna_cosine_accuracy@10": 0.8,
    "NanoArguAna_cosine_precision@1": 0.14,
    "NanoArguAna_cosine_precision@3": 0.1733333333333333,
    "NanoArguAna_cosine_precision@5": 0.12800000000000003,
    "NanoArguAna_cosine_precision@10": 0.08,
    "NanoArguAna_cosine_recall@1": 0.14,