{
    "NanoClimateFEVER_cosine_accuracy@1": 0.32,
    "NanoClimateFEVER_cosine_accuracy@3": 0.42,
    "NanoClimateFEVER_cosine_accuracy@5": 0.5,
    "NanoClimateFEVER_cosine_accuracy@10": 0.64,
    "NanoClimateFEVER_cosine_precision@1": 0.32,
    "NanoClimateFEVER_cosine_precision@3": 0.16,
    "NanoClimateFEVER_cosine_precision@5": 0.12000000000000002,
    "NanoClimateFEVER_cosine_precision@10": 0.086,
    "NanoClimateFEVER_cosine_recall@1": 0.15666666666666665,
    "NanoClimateFEVER_cosine_recall@3": 0.20666666666666664,
    "NanoClimateFEVER_cosine_recall@5": 0.24666666666666667,
    "NanoClimateFEVER_cosine_recall@10": 0.3306666666666666,
    "NanoClimateFEVER_cosine_ndcg@10": 0.2919077175106742,
    "NanoClimateFEVER_cosine_mrr@10": 0.4074047619047618,
    "NanoClimateFEVER_cosine_map@100": 0.23893394511451554,
    "NanoDBPedia_cosine_accuracy@1": 0.6,
    "NanoDBPedia_cosine_accuracy@3": 0.9,
    "NanoDBPedia_cosine_accuracy@5": 0.94,
    "NanoDBPedia_cosine_accuracy@10": 0.98,
    "NanoDBPedia_cosine_precision@1": 0.6,
    "NanoDBPedia_cosine_precision@3": 0.5599999999999999,
    "NanoDBPedia_cosine_precision@5": 0.52,
    "NanoDBPedia_cosine_precision@10": 0.44199999999999995,
    "NanoDBPedia_cosine_recall@1": 0.09068326051443514,
    "NanoDBPedia_cosine_recall@3": 0.17561711567313376,
    "NanoDBPedia_cosine_recall@5": 0.22789258598474377,
    "NanoDBPedia_cosine_recall@10": 0.3255252690271769,
    "NanoDBPedia_cosine_ndcg@10": 0.5599409858093584,
    "NanoDBPedia_cosine_mrr@10": 0.7451904761904763,
    "NanoDBPedia_cosine_map@100": 0.41690761580559177,
    "NanoFEVER_cosine_accuracy@1": 0.6,
    "NanoFEVER_cosine_accuracy@3": 0.84,
    "NanoFEVER_cosine_accuracy@5": 0.92,
    "NanoFEVER_cosine_accuracy@10": 0.96,
    "NanoFEVER_cosine_precision@1": 0.6,
    "NanoFEVER_cosine_precision@3": 0.2866666666666666,
    "NanoFEVER_cosine_precision@5": 0.19199999999999995,
    "NanoFEVER_cosine_precision@10": 0.09999999999999998,
    "NanoFEVER_cosine_recall@1": 0.5766666666666667,
    "NanoFEVER_cosine_recall@3": 0.8033333333333332,
    "NanoFEVER_cosine_recall@5": 0.8933333333333333,
    "NanoFEVER_cosine_recall@10": 0.9233333333333333,
    "NanoFEVER_cosine_ndcg@10": 0.7623920366900014,
    "NanoFEVER_cosine_mrr@10": 0.7227142857142858,
    "NanoFEVER_cosine_map@100": 0.7047969249932315,
    "NanoFiQA2018_cosine_accuracy@1": 0.34,
    "NanoFiQA2018_cosine_accuracy@3": 0.5,
    "NanoFiQA2018_cosine_accuracy@5": 0.58,
    "NanoFiQA2018_cosine_accuracy@10": 0.74,
    "NanoFiQA2018_cosine_precision@1": 0.34,
    "NanoFiQA2018_cosine_precision@3": 0.21333333333333332,
    "NanoFiQA2018_cosine_precision@5": 0.16399999999999998,
    "NanoFiQA2018_cosine_precision@10": 0.11199999999999999,
    "NanoFiQA2018_cosine_recall@1": 0.17874603174603174,
    "NanoFiQA2018_cosine_recall@3": 0.32426984126984126,
    "NanoFiQA2018_cosine_recall@5": 0.3881269841269841,
    "NanoFiQA2018_cosine_recall@10": 0.5390714285714285,
    "NanoFiQA2018_cosine_ndcg@10": 0.4056533465253358,
    "NanoFiQA2018_cosine_mrr@10": 0.4528492063492062,
    "NanoFiQA2018_cosine_map@100": 0.33694613337183943,
    "NanoHotpotQA_cosine_accuracy@1": 0.74,
    "NanoHotpotQA_cosine_accuracy@3": 0.9,
    "NanoHotpotQA_cosine_accuracy@5": 0.9,
    "NanoHotpotQA_cosine_accuracy@10": 0.98,
    "NanoHotpotQA_cosine_precision@1": 0.74,
    "NanoHotpotQA_cosine_precision@3": 0.4799999999999999,
    "NanoHotpotQA_cosine_precision@5": 0.304,
    "NanoHotpotQA_cosine_precision@10": 0.16599999999999998,
    "NanoHotpotQA_cosine_recall@1": 0.37,
    "NanoHotpotQA_cosine_recall@3": 0.72,
    "NanoHotpotQA_cosine_recall@5": 0.76,
    "NanoHotpotQA_cosine_recall@10": 0.83,
    "NanoHotpotQA_cosine_ndcg@10": 0.7621339741735352,
    "NanoHotpotQA_cosine_mrr@10": 0.828888888888889,
    "NanoHotpotQA_cosine_map@100": 0.7018529865981532,
    "NanoMSMARCO_cosine_accuracy@1": 0.44,
    "NanoMSMARCO_cosine_accuracy@3": 0.64,
    "NanoMSMARCO_cosine_accuracy@5": 0.7,
    "NanoMSMARCO_cosine_accuracy@10": 0.84,
    "NanoMSMARCO_cosine_precision@1": 0.44,
    "NanoMSMARCO_cosine_precision@3": 0.21333333333333332,
    "NanoMSMARCO_cosine_precision@5": 0.14,
    "NanoMSMARCO_cosine_precision@10": 0.08399999999999999,
    "NanoMSMARCO_cosine_recall@1": 0.44,
    "NanoMSMARCO_cosine_recall@3": 0.64,
    "NanoMSMARCO_cosine_recall@5": 0.7,
    "NanoMSMARCO_cosine_recall@10": 0.84,
    "NanoMSMARCO_cosine_ndcg@10": 0.6275826227345029,
    "NanoMSMARCO_cosine_mrr@10": 0.5616031746031745,
    "NanoMSMARCO_cosine_map@100": 0.571107859703021,
    "NanoNFCorpus_cosine_accuracy@1": 0.42,
    "NanoNFCorpus_cosine_accuracy@3": 0.58,
    "NanoNFCorpus_cosine_accuracy@5": 0.66,
    "NanoNFCorpus_cosine_accuracy@10": 0.68,
    "NanoNFCorpus_cosine_precision@1": 0.42,
    "NanoNFCorpus_cosine_precision@3": 0.36,
    "NanoNFCorpus_cosine_precision@5": 0.324,
    "NanoNFCorpus_cosine_precision@10": 0.25999999999999995,
    "NanoNFCorpus_cosine_recall@1": 0.04287770006574895,
    "NanoNFCorpus_cosine_recall@3": 0.07749114562553942,
    "NanoNFCorpus_cosine_recall@5": 0.09641683569489276,
    "NanoNFCorpus_cosine_recall@10": 0.12311043938801941,
    "NanoNFCorpus_cosine_ndcg@10": 0.322773991842425,
    "NanoNFCorpus_cosine_mrr@10": 0.5185238095238095,
    "NanoNFCorpus_cosine_map@100": 0.13109930126053024,
    "NanoNQ_cosine_accuracy@1": 0.48,
    "NanoNQ_cosine_accuracy@3": 0.64,
    "NanoNQ_cosine_accuracy@5": 0.76,
    "NanoNQ_cosine_accuracy@10": 0.84,
    "NanoNQ_cosine_precision@1": 0.48,
    "NanoNQ_cosine_precision@3": 0.22,
    "NanoNQ_cosine_precision@5": 0.16399999999999998,
    "NanoNQ_cosine_precision@10": 0.092,
    "NanoNQ_cosine_recall@1": 0.44,
    "NanoNQ_cosine_recall@3": 0.59,
    "NanoNQ_cosine_recall@5": 0.73,
    "NanoNQ_cosine_recall@10": 0.82,
    "NanoNQ_cosine_ndcg@10": 0.6342603566550475,
    "NanoNQ_cosine_mrr@10": 0.5945555555555555,
    "NanoNQ_cosine_map@100": 0.5712752913752914,
    "NanoQuoraRetrieval_cosine_accuracy@1": 0.92,
    "NanoQuoraRetrieval_cosine_accuracy@3": 1.0,
    "NanoQuoraRetrieval_cosine_accuracy@5": 1.0,
    "NanoQuoraRetrieval_cosine_accuracy@10": 1.0,
    "NanoQuoraRetrieval_cosine_precision@1": 0.92,
    "NanoQuoraRetrieval_cosine_precision@3": 0.40666666666666657,
    "NanoQuoraRetrieval_cosine_precision@5": 0.25199999999999995,
    "NanoQuoraRetrieval_cosine_precision@10": 0.13399999999999998,
    "NanoQuoraRetrieval_cosine_recall@1": 0.8073333333333332,
    "NanoQuoraRetrieval_cosine_recall@3": 0.9586666666666668,
    "NanoQuoraRetrieval_cosine_recall@5": 0.9693333333333334,
    "NanoQuoraRetrieval_cosine_recall@10": 0.99,
    "NanoQuoraRetrieval_cosine_ndcg@10": 0.9525700362309689,
    "NanoQuoraRetrieval_cosine_mrr@10": 0.9566666666666667,
    "NanoQuoraRetrieval_cosine_map@100": 0.9301361809696655,
    "NanoSCIDOCS_cosine_accuracy@1": 0.38,
    "NanoSCIDOCS_cosine_accuracy@3": 0.66,
    "NanoSCIDOCS_cosine_accuracy@5": 0.72,
    "NanoSCIDOCS_cosine_accuracy@10": 0.82,
    "NanoSCIDOCS_cosine_precision@1": 0.38,
    "NanoSCIDOCS_cosine_precision@3": 0.31333333333333335,
    "NanoSCIDOCS_cosine_precision@5": 0.26,
    "NanoSCIDOCS_cosine_precision@10": 0.17,
    "NanoSCIDOCS_cosine_recall@1": 0.08066666666666668,
    "NanoSCIDOCS_cosine_recall@3": 0.19366666666666663,
    "NanoSCIDOCS_cosine_recall@5": 0.26666666666666666,
    "NanoSCIDOCS_cosine_recall@10": 0.3486666666666667,
    "NanoSCIDOCS_cosine_ndcg@10": 0.3359238371531969,
    "NanoSCIDOCS_cosine_mrr@10": 0.5178571428571428,
    "NanoSCIDOCS_cosine_map@100": 0.2513722915593908,
    "NanoArguAna_cosine_accuracy@1": 0.12,
    "NanoArguAna_cosine_accuracy@3": 0.6,
    "NanoArguAna_cosine_accuracy@5": 0.66,
    "NanoArguAna_cosine_accuracy@10": 0.8,
    "NanoArguAna_cosine_precision@1": 0.12,
    "NanoArguAna_cosine_precision@3": 0.2,
    "NanoArguAna_cosine_precision@5": 0.13200000000000003,
    "NanoArguAna_cosine_precision@10": 0.08,
    "NanoArguAna_cosine_recall@1": 0.12,
    "NanoArguAna_cosine_recall@3": 0.6,