{
    "NanoClimateFEVER_cosine_accuracy@1": 0.26,
    "NanoClimateFEVER_cosine_accuracy@3": 0.4,
    "NanoClimateFEVER_cosine_accuracy@5": 0.54,
    "NanoClimateFEVER_cosine_accuracy@10": 0.66,
    "NanoClimateFEVER_cosine_precision@1": 0.26,
    "NanoClimateFEVER_cosine_precision@3": 0.14,
    "NanoClimateFEVER_cosine_precision@5": 0.128,
    "NanoClimateFEVER_cosine_precision@10": 0.09,
    "NanoClimateFEVER_cosine_recall@1": 0.12833333333333333,
    "NanoClimateFEVER_cosine_recall@3": 0.20333333333333328,
    "NanoClimateFEVER_cosine_recall@5": 0.2866666666666666,
    "NanoClimateFEVER_cosine_recall@10": 0.3733333333333333,
    "NanoClimateFEVER_cosine_ndcg@10": 0.29212037629535254,
    "NanoClimateFEVER_cosine_mrr@10": 0.36826984126984125,
    "NanoClimateFEVER_cosine_map@100": 0.230659778540381,
    "NanoDBPedia_cosine_accuracy@1": 0.66,
    "NanoDBPedia_cosine_accuracy@3": 0.84,
    "NanoDBPedia_cosine_accuracy@5": 0.86,
    "NanoDBPedia_cosine_accuracy@10": 0.94,
    "NanoDBPedia_cosine_precision@1": 0.66,
    "NanoDBPedia_cosine_precision@3": 0.5666666666666668,
    "NanoDBPedia_cosine_precision@5": 0.48,
    "NanoDBPedia_cosine_precision@10": 0.426,
    "NanoDBPedia_cosine_recall@1": 0.07397502207343808,
    "NanoDBPedia_cosine_recall@3": 0.15860331811128037,
    "NanoDBPedia_cosine_recall@5": 0.20302944204343237,
    "NanoDBPedia_cosine_recall@10": 0.3070650327617417,
    "NanoDBPedia_cosine_ndcg@10": 0.5385624548839893,
    "NanoDBPedia_cosine_mrr@10": 0.7631666666666668,
    "NanoDBPedia_cosine_map@100": 0.40088254914082744,
    "NanoFEVER_cosine_accuracy@1": 0.56,
    "NanoFEVER_cosine_accuracy@3": 0.82,
    "NanoFEVER_cosine_accuracy@5": 0.9,
    "NanoFEVER_cosine_accuracy@10": 0.92,
    "NanoFEVER_cosine_precision@1": 0.56,
    "NanoFEVER_cosine_precision@3": 0.27999999999999997,
    "NanoFEVER_cosine_precision@5": 0.184,
    "NanoFEVER_cosine_precision@10": 0.09599999999999997,
    "NanoFEVER_cosine_recall@1": 0.5366666666666666,
    "NanoFEVER_cosine_recall@3": 0.7966666666666667,
    "NanoFEVER_cosine_recall@5": 0.8566666666666667,
    "NanoFEVER_cosine_recall@10": 0.8866666666666667,
    "NanoFEVER_cosine_ndcg@10": 0.7278214273120516,
    "NanoFEVER_cosine_mrr@10": 0.689857142857143,
    "NanoFEVER_cosine_map@100": 0.6721448421650037,
    "NanoFiQA2018_cosine_accuracy@1": 0.42,
    "NanoFiQA2018_cosine_accuracy@3": 0.58,
    "NanoFiQA2018_cosine_accuracy@5": 0.72,
    "NanoFiQA2018_cosine_accuracy@10": 0.78,
    "NanoFiQA2018_cosine_precision@1": 0.42,
    "NanoFiQA2018_cosine_precision@3": 0.28,
    "NanoFiQA2018_cosine_precision@5": 0.22399999999999998,
    "NanoFiQA2018_cosine_precision@10": 0.13799999999999998,
    "NanoFiQA2018_cosine_recall@1": 0.22007936507936507,
    "NanoFiQA2018_cosine_recall@3": 0.4026031746031746,
    "NanoFiQA2018_cosine_recall@5": 0.5311507936507937,
    "NanoFiQA2018_cosine_recall@10": 0.6270634920634921,
    "NanoFiQA2018_cosine_ndcg@10": 0.4970551376732715,
    "NanoFiQA2018_cosine_mrr@10": 0.5349047619047618,
    "NanoFiQA2018_cosine_map@100": 0.42406515168012,
    "NanoHotpotQA_cosine_accuracy@1": 0.68,
    "NanoHotpotQA_cosine_accuracy@3": 0.78,
    "NanoHotpotQA_cosine_accuracy@5": 0.82,
    "NanoHotpotQA_cosine_accuracy@10": 0.92,
    "NanoHotpotQA_cosine_precision@1": 0.68,
    "NanoHotpotQA_cosine_precision@3": 0.37999999999999984,
    "NanoHotpotQA_cosine_precision@5": 0.23999999999999996,
    "NanoHotpotQA_cosine_precision@10": 0.13199999999999998,
    "NanoHotpotQA_cosine_recall@1": 0.34,
    "NanoHotpotQA_cosine_recall@3": 0.57,
    "NanoHotpotQA_cosine_recall@5": 0.6,
    "NanoHotpotQA_cosine_recall@10": 0.66,
    "NanoHotpotQA_cosine_ndcg@10": 0.6305683666326044,
    "NanoHotpotQA_cosine_mrr@10": 0.7511904761904762,
    "NanoHotpotQA_cosine_map@100": 0.5758419691369097,
    "NanoMSMARCO_cosine_accuracy@1": 0.36,
    "NanoMSMARCO_cosine_accuracy@3": 0.6,
    "NanoMSMARCO_cosine_accuracy@5": 0.7,
    "NanoMSMARCO_cosine_accuracy@10": 0.84,
    "NanoMSMARCO_cosine_precision@1": 0.36,
    "NanoMSMARCO_cosine_precision@3": 0.2,
    "NanoMSMARCO_cosine_precision@5": 0.14,
    "NanoMSMARCO_cosine_precision@10": 0.08399999999999999,
    "NanoMSMARCO_cosine_recall@1": 0.36,
    "NanoMSMARCO_cosine_recall@3": 0.6,
    "NanoMSMARCO_cosine_recall@5": 0.7,
    "NanoMSMARCO_cosine_recall@10": 0.84,
    "NanoMSMARCO_cosine_ndcg@10": 0.5899076797579168,
    "NanoMSMARCO_cosine_mrr@10": 0.5115,
    "NanoMSMARCO_cosine_map@100": 0.520268838286943,
    "NanoNFCorpus_cosine_accuracy@1": 0.44,
    "NanoNFCorpus_cosine_accuracy@3": 0.58,
    "NanoNFCorpus_cosine_accuracy@5": 0.6,
    "NanoNFCorpus_cosine_accuracy@10": 0.68,
    "NanoNFCorpus_cosine_precision@1": 0.44,
    "NanoNFCorpus_cosine_precision@3": 0.3933333333333333,
    "NanoNFCorpus_cosine_precision@5": 0.348,
    "NanoNFCorpus_cosine_precision@10": 0.286,
    "NanoNFCorpus_cosine_recall@1": 0.04330301354919022,
    "NanoNFCorpus_cosine_recall@3": 0.06816050928959073,
    "NanoNFCorpus_cosine_recall@5": 0.08523458859438782,
    "NanoNFCorpus_cosine_recall@10": 0.11493416418130066,
    "NanoNFCorpus_cosine_ndcg@10": 0.34201055856915646,
    "NanoNFCorpus_cosine_mrr@10": 0.5129444444444444,
    "NanoNFCorpus_cosine_map@100": 0.13862633975920596,
    "NanoNQ_cosine_accuracy@1": 0.5,
    "NanoNQ_cosine_accuracy@3": 0.64,
    "NanoNQ_cosine_accuracy@5": 0.7,
    "NanoNQ_cosine_accuracy@10": 0.84,
    "NanoNQ_cosine_precision@1": 0.5,
    "NanoNQ_cosine_precision@3": 0.22,
    "NanoNQ_cosine_precision@5": 0.15200000000000002,
    "NanoNQ_cosine_precision@10": 0.092,
    "NanoNQ_cosine_recall@1": 0.46,
    "NanoNQ_cosine_recall@3": 0.61,
    "NanoNQ_cosine_recall@5": 0.69,
    "NanoNQ_cosine_recall@10": 0.82,
    "NanoNQ_cosine_ndcg@10": 0.6355350427538966,
    "NanoNQ_cosine_mrr@10": 0.5927936507936508,
    "NanoNQ_cosine_map@100": 0.5728153775446233,
    "NanoQuoraRetrieval_cosine_accuracy@1": 0.9,
    "NanoQuoraRetrieval_cosine_accuracy@3": 1.0,
    "NanoQuoraRetrieval_cosine_accuracy@5": 1.0,
    "NanoQuoraRetrieval_cosine_accuracy@10": 1.0,
    "NanoQuoraRetrieval_cosine_precision@1": 0.9,
    "NanoQuoraRetrieval_cosine_precision@3": 0.4133333333333333,
    "NanoQuoraRetrieval_cosine_precision@5": 0.25999999999999995,
    "NanoQuoraRetrieval_cosine_precision@10": 0.13399999999999998,
    "NanoQuoraRetrieval_cosine_recall@1": 0.8006666666666666,
    "NanoQuoraRetrieval_cosine_recall@3": 0.9686666666666668,
    "NanoQuoraRetrieval_cosine_recall@5": 0.982,
    "NanoQuoraRetrieval_cosine_recall@10": 0.99,
    "NanoQuoraRetrieval_cosine_ndcg@10": 0.9502714121044125,
    "NanoQuoraRetrieval_cosine_mrr@10": 0.9466666666666668,
    "NanoQuoraRetrieval_cosine_map@100": 0.9308386243386244,
    "NanoSCIDOCS_cosine_accuracy@1": 0.44,
    "NanoSCIDOCS_cosine_accuracy@3": 0.64,
    "NanoSCIDOCS_cosine_accuracy@5": 0.8,
    "NanoSCIDOCS_cosine_accuracy@10": 0.86,
    "NanoSCIDOCS_cosine_precision@1": 0.44,
    "NanoSCIDOCS_cosine_precision@3": 0.3533333333333333,
    "NanoSCIDOCS_cosine_precision@5": 0.3,
    "NanoSCIDOCS_cosine_precision@10": 0.21,
    "NanoSCIDOCS_cosine_recall@1": 0.09366666666666668,
    "NanoSCIDOCS_cosine_recall@3": 0.21966666666666665,
    "NanoSCIDOCS_cosine_recall@5": 0.30866666666666664,
    "NanoSCIDOCS_cosine_recall@10": 0.42966666666666664,
    "NanoSCIDOCS_cosine_ndcg@10": 0.40541833454577997,
    "NanoSCIDOCS_cosine_mrr@10": 0.5745555555555556,
    "NanoSCIDOCS_cosine_map@100": 0.3184801932761796,
    "NanoArguAna_cosine_accuracy@1": 0.16,
    "NanoArguAna_cosine_accuracy@3": 0.56,
    "NanoArguAna_cosine_accuracy@5": 0.72,
    "NanoArguAna_cosine_accuracy@10": 0.86,
    "NanoArguAna_cosine_precision@1": 0.16,
    "NanoArguAna_cosine_precision@3": 0.18666666666666668,
    "NanoArguAna_cosine_precision@5": 0.14400000000000002,
    "NanoArguAna_cosine_precision@10": 0.08599999999999998,
    "NanoArguAna_cosine_recall@1": 0.16,
    "NanoArguAna_cosine_recall@3": 0.56,
    "NanoArguAna_cosine_recall@5": 0.72,